race,horse
1,ニシノイサリビ
1,スリーフラワー
1,アップルザビート
1,リーディンアクター
1,ディスペアーホープ
1,トムキャット
1,パルセノスミハ
1,センカンナガト
1,ソースウィート
1,セイリュウ
1,アドバンスアゲイン
1,オオセイケイ
2,フランソワーズ
2,ジーティーマローネ
2,ヴォルテックス
2,ティエルニート
2,イテルム
2,ハルカカナタ
2,ルクスグレイス
2,ダヌラーサナ
2,アイオリスパルス
2,クラリスバローズ
2,ココフルール
2,フラッシングルビー
2,ヤマニンマヒア
3,レゾルートハート
3,ジーティーマドンナ
3,リーゼントエース
3,シガレス
3,イリスロッソ
3,サノノベリー
3,アークレイリ
3,フレイコン
3,シンゼンノト
3,レジェンドヴァーサ
3,ライフイズアート
3,ブラックチャリス
4,ブルーリボン
4,イキフン
4,タクミオジュウ
4,ウィクフォード
4,ローグアン
4,ワンコール
4,セレスタイト
4,ソラニワラエバ
4,ドーンレーサー
4,クラウントリオンフ
4,シーズアウルフ
4,リサナウト
4,ハクタカ
4,エクスマキナ
4,インザダーク
4,エイシンウルクンデ
4,マイネルサーパス
4,ドミナートル
4,ニシノキフジン
4,ラヴァレード
5,サイモンレガシー
5,シュガーハウス
5,シュプレヒコール
5,ロクメイカン
5,フェーエンハフト
5,シックパラソル
5,エルドボルグ
5,パーセンタイル
5,キラーアビリティ
6,ジオ
6,トルネードサンダー
6,リラカリス
6,デアグランツ
6,イッペイ
6,アオイノリプー
6,アルデシンザン
6,ニーナラルゴ
6,トムクリオーザ
6,ブラッグス
6,ショウナンガレオン
7,リザレクティア
7,コースタルロード
7,アリディプラチノ
7,ドゥボヌール
7,ビケイムフリー
7,シャンデリュイーズ
7,ピンクパンサー
7,ブライトエンジェル
7,テンタイムトップ
7,ホーリーステップ
7,ハクサンテドリガワ
7,ヨウリンケイジュ
7,フルフィルメント
7,ロージーキャンドル
7,ベルセクレト
7,ティグリス
7,マルモズイルバア
7,テイエムスパーダ
8,ゼンノトヨタマヒメ
8,ペコリズム
8,タガノプディング
8,シュタルク
8,メイショウアヤカ
8,クロカミジョウ
8,フチサンチャチャ
8,ラインメテオラ
8,キャッチアシーフ
8,ナブッコ
8,ジョーヴェスタ
8,トーアウィリアム
8,キタノプレミアム
8,ハクサンリング
8,ローズカリス
8,トラステッド
9,グレイイメル
9,ラルヴァンダード
9,ロイドウェバー
9,スーパービジー
9,チェファルー
9,キービート
9,ブルーザー
9,レヴロード
9,アージュドール
9,ウインビスタ
9,ジュンヴァッテッド
9,ルクスユアン
9,ワンダーシャッフル
9,ダノンワンダー
9,ヴィスメンティス
9,ガイアフォース
10,サンタカリス
10,グランスプリント
10,エイシンニケ
10,スリーロンドン
10,ウインラブソング
10,ブランチアウト
10,レッドパラジウム
10,ラミエルノムスコ
10,フェブリノ
10,シャドウクライ
10,タイムレスフレアー
10,セルヴァジオ
10,ゴリョウセイ
10,エスコーラ
11,アンドヴェローナ
11,アトランタ
11,ジョン
11,マルモリムソウ
11,ビバームス
11,アームズラムレイ
11,ララララブソング
11,ブラックブレット
11,コパノキャンペーン
11,フリード
12,ジェバーダ
12,タマモスカイ
12,メイショウオグマ
12,オオツカ
12,ラブインアクション
12,リアルペガサス
12,キリオス
12,セルジュバローズ
12,キアヌ
12,ジュンプリメーロ
12,ヴィエントデコラ
12,コルヴァス
12,テーオーノーベル
12,ニシノミチアキ
12,エアフォースワン
12,メイショウカズサ
13,ミリタリータトゥー
13,ペイシャシス
13,コンバットペスカ
13,エレガンシア
13,メイショウピリカ
13,レザンクレール
13,ヴィーナスバブル
13,タマモヒロイン
13,ミッキーマーメイド
13,エスコーラ
14,テンエースワン
14,タガノアニマシオン
14,ケイアイアルタイル
14,エンマ
14,ブルックリンダンス
14,ホウショウルクス
14,トモジャザーン
14,ショウナンバンライ
14,プウスカンドゥール
14,サンライズケヴィン
14,メイショウカズサ
14,ルフトクス
14,レアンダー
14,ヴァレーデラルナ
14,ブラックアーメット
15,ダノンカゼルタ
15,ショウナンハウル
15,プリズマジコ
15,ハッピーダンチャン
15,フォーチュンライド
15,アスクエピソード
15,レイピカケ
15,コリカンチャ
15,オデット
15,ジャスティンガルフ
15,オウケンボルト
15,ガイアフォース
15,アロマデローサ
15,メリオーレム
15,アドマイヤラヴィ
15,ディパッセ
15,ハンディーズピーク
16,メルキオル
16,ゴッドブルービー
16,ジンセイ
16,サンライズアリオン
16,スナークラファエロ
16,レイナデアルシーラ
16,モンブランミノル
16,メイショウズイウン
16,シュラザック
16,フェルヴェンテ
16,モックモック
16,メイショウカズサ
16,ローズスター
16,キングズソード
16,デュードヴァン
16,ケイアイパープル
17,ドルチェミスト
17,リアルアルバ
17,セレブトーチ
17,フィラーエ
17,ウインマスカレード
17,ジュエルハウス
17,ラブカムーン
17,ノボリリア
17,テルヴィセクス
17,ギザキズラヴ
17,ウォーターデライト
17,ベネメレンティ
17,シャインベック
17,アットザラヴアスク
17,ベルファスト
17,ジューンオアシス
17,モルティフレーバー
17,テイエムスパーダ
